STRUCTURE,STRUCTURE_ID,STRUCTURE_NAME,ACTION,CEN23_YEAR_001,Census year,CEN23_GEO_013,Area,CEN23_HUH_001,Household composition by number of usual residents,CEN23_NRD_002,Number of bedrooms,OBS_VALUE,Observation Value,OBS_STATUS,Observation Status
DATAFLOW,STATSNZ:CEN23_FHH_038(1.0),"Household composition by number of usual residents and number of bedrooms for households in occupied private dwellings, (RC, TALB, SA2, Health), 2013, 2018, and 2023 Censuses",I,2023,2023,9999,Total - New Zealand by regional council,3,Three-or-more family household (with or without other people),999,Total - number of bedrooms,4290,,,
DATAFLOW,STATSNZ:CEN23_FHH_038(1.0),"Household composition by number of usual residents and number of bedrooms for households in occupied private dwellings, (RC, TALB, SA2, Health), 2013, 2018, and 2023 Censuses",I,2023,2023,9999,Total - New Zealand by regional council,4302,Household of unrelated people with two usual residents,999,Total - number of bedrooms,44019,,,
DATAFLOW,STATSNZ:CEN23_FHH_038(1.0),"Household composition by number of usual residents and number of bedrooms for households in occupied private dwellings, (RC, TALB, SA2, Health), 2013, 2018, and 2023 Censuses",I,2023,2023,9999,Total - New Zealand by regional council,5,One-person household with one usual resident,999,Total - number of bedrooms,389352,,,
DATAFLOW,STATSNZ:CEN23_FHH_038(1.0),"Household composition by number of usual residents and number of bedrooms for households in occupied private dwellings, (RC, TALB, SA2, Health), 2013, 2018, and 2023 Censuses",I,2023,2023,9999,Total - New Zealand by regional council,4307,Household of unrelated people with seven usual residents,999,Total - number of bedrooms,555,,,
DATAFLOW,STATSNZ:CEN23_FHH_038(1.0),"Household composition by number of usual residents and number of bedrooms for households in occupied private dwellings, (RC, TALB, SA2, Health), 2013, 2018, and 2023 Censuses",I,2023,2023,9999,Total - New Zealand by regional council,4306,Household of unrelated people with six usual residents,999,Total - number of bedrooms,1710,,,
DATAFLOW,STATSNZ:CEN23_FHH_038(1.0),"Household composition by number of usual residents and number of bedrooms for households in occupied private dwellings, (RC, TALB, SA2, Health), 2013, 2018, and 2023 Censuses",I,2023,2023,9999,Total - New Zealand by regional council,41,Household of related people,999,Total - number of bedrooms,16056,,,
DATAFLOW,STATSNZ:CEN23_FHH_038(1.0),"Household composition by number of usual residents and number of bedrooms for households in occupied private dwellings, (RC, TALB, SA2, Health), 2013, 2018, and 2023 Censuses",I,2023,2023,9999,Total - New Zealand by regional council,4308,Household of unrelated people with eight or more usual residents,999,Total - number of bedrooms,441,,,
DATAFLOW,STATSNZ:CEN23_FHH_038(1.0),"Household composition by number of usual residents and number of bedrooms for households in occupied private dwellings, (RC, TALB, SA2, Health), 2013, 2018, and 2023 Censuses",I,2023,2023,9999,Total - New Zealand by regional council,4303,Household of unrelated people with three usual residents,999,Total - number of bedrooms,16050,,,
DATAFLOW,STATSNZ:CEN23_FHH_038(1.0),"Household composition by number of usual residents and number of bedrooms for households in occupied private dwellings, (RC, TALB, SA2, Health), 2013, 2018, and 2023 Censuses",I,2023,2023,9999,Total - New Zealand by regional council,2,Two-family household (with or without other people),999,Total - number of bedrooms,62322,,,
DATAFLOW,STATSNZ:CEN23_FHH_038(1.0),"Household composition by number of usual residents and number of bedrooms for households in occupied private dwellings, (RC, TALB, SA2, Health), 2013, 2018, and 2023 Censuses",I,2023,2023,9999,Total - New Zealand by regional council,42,Household of related and unrelated people,999,Total - number of bedrooms,4083,,,
DATAFLOW,STATSNZ:CEN23_FHH_038(1.0),"Household composition by number of usual residents and number of bedrooms for households in occupied private dwellings, (RC, TALB, SA2, Health), 2013, 2018, and 2023 Censuses",I,2023,2023,9999,Total - New Zealand by regional council,4305,Household of unrelated people with five usual residents,999,Total - number of bedrooms,4077,,,
DATAFLOW,STATSNZ:CEN23_FHH_038(1.0),"Household composition by number of usual residents and number of bedrooms for households in occupied private dwellings, (RC, TALB, SA2, Health), 2013, 2018, and 2023 Censuses",I,2023,2023,9999,Total - New Zealand by regional council,99999,Total - household composition by number of usual residents,999,Total - number of bedrooms,1780527,,,
DATAFLOW,STATSNZ:CEN23_FHH_038(1.0),"Household composition by number of usual residents and number of bedrooms for households in occupied private dwellings, (RC, TALB, SA2, Health), 2013, 2018, and 2023 Censuses",I,2023,2023,9999,Total - New Zealand by regional council,1,One-family household (with or without other people),999,Total - number of bedrooms,1156659,,,
DATAFLOW,STATSNZ:CEN23_FHH_038(1.0),"Household composition by number of usual residents and number of bedrooms for households in occupied private dwellings, (RC, TALB, SA2, Health), 2013, 2018, and 2023 Censuses",I,2023,2023,9999,Total - New Zealand by regional council,4304,Household of unrelated people with four usual residents,999,Total - number of bedrooms,8490,,,
