STRUCTURE,STRUCTURE_ID,STRUCTURE_NAME,ACTION,CEN23_YEAR_001,Census year,CEN23_GEO_013,Area,CEN23_WRD_003,Weekly rent paid by household,CEN23_TIH_001,Total household income,CEN23_HOH_002,Household composition,OBS_VALUE,Observation Value,OBS_STATUS,Observation Status
DATAFLOW,STATSNZ:CEN23_HOU_022(1.0),"Weekly rent paid by household, total household income, and household composition for households in rented occupied private dwellings, (RC, TALB, SA2, Health), 2013, 2018, and 2023 Censuses",I,2023,2023,9999,Total - New Zealand by regional council,04,$400 - $499,8,"$200,001 or more",99,Total - household composition,3912,,,
DATAFLOW,STATSNZ:CEN23_HOU_022(1.0),"Weekly rent paid by household, total household income, and household composition for households in rented occupied private dwellings, (RC, TALB, SA2, Health), 2013, 2018, and 2023 Censuses",I,2023,2023,9999,Total - New Zealand by regional council,06,$600 - $699,7,"$150,001-$200,000",99,Total - household composition,12147,,,
DATAFLOW,STATSNZ:CEN23_HOU_022(1.0),"Weekly rent paid by household, total household income, and household composition for households in rented occupied private dwellings, (RC, TALB, SA2, Health), 2013, 2018, and 2023 Censuses",I,2023,2023,9999,Total - New Zealand by regional council,01,Under $200,2,"$20,001-$30,000",99,Total - household composition,17301,,,
DATAFLOW,STATSNZ:CEN23_HOU_022(1.0),"Weekly rent paid by household, total household income, and household composition for households in rented occupied private dwellings, (RC, TALB, SA2, Health), 2013, 2018, and 2023 Censuses",I,2023,2023,9999,Total - New Zealand by regional council,01,Under $200,3,"$30,001-$50,000",99,Total - household composition,15585,,,
DATAFLOW,STATSNZ:CEN23_HOU_022(1.0),"Weekly rent paid by household, total household income, and household composition for households in rented occupied private dwellings, (RC, TALB, SA2, Health), 2013, 2018, and 2023 Censuses",I,2023,2023,9999,Total - New Zealand by regional council,06,$600 - $699,5,"$70,001-$100,000",99,Total - household composition,10044,,,
DATAFLOW,STATSNZ:CEN23_HOU_022(1.0),"Weekly rent paid by household, total household income, and household composition for households in rented occupied private dwellings, (RC, TALB, SA2, Health), 2013, 2018, and 2023 Censuses",I,2023,2023,9999,Total - New Zealand by regional council,01,Under $200,8,"$200,001 or more",99,Total - household composition,2103,,,
DATAFLOW,STATSNZ:CEN23_HOU_022(1.0),"Weekly rent paid by household, total household income, and household composition for households in rented occupied private dwellings, (RC, TALB, SA2, Health), 2013, 2018, and 2023 Censuses",I,2023,2023,9999,Total - New Zealand by regional council,04,$400 - $499,1,"$20,000 or less",99,Total - household composition,6642,,,
DATAFLOW,STATSNZ:CEN23_HOU_022(1.0),"Weekly rent paid by household, total household income, and household composition for households in rented occupied private dwellings, (RC, TALB, SA2, Health), 2013, 2018, and 2023 Censuses",I,2023,2023,9999,Total - New Zealand by regional council,08,$800 and over,8,"$200,001 or more",99,Total - household composition,13794,,,
DATAFLOW,STATSNZ:CEN23_HOU_022(1.0),"Weekly rent paid by household, total household income, and household composition for households in rented occupied private dwellings, (RC, TALB, SA2, Health), 2013, 2018, and 2023 Censuses",I,2023,2023,9999,Total - New Zealand by regional council,05,$500 - $599,8,"$200,001 or more",99,Total - household composition,6801,,,
DATAFLOW,STATSNZ:CEN23_HOU_022(1.0),"Weekly rent paid by household, total household income, and household composition for households in rented occupied private dwellings, (RC, TALB, SA2, Health), 2013, 2018, and 2023 Censuses",I,2023,2023,9999,Total - New Zealand by regional council,06,$600 - $699,6,"$100,001-$150,000",99,Total - household composition,18471,,,
DATAFLOW,STATSNZ:CEN23_HOU_022(1.0),"Weekly rent paid by household, total household income, and household composition for households in rented occupied private dwellings, (RC, TALB, SA2, Health), 2013, 2018, and 2023 Censuses",I,2023,2023,9999,Total - New Zealand by regional council,07,$700 - $799,99,Total - total household income,99,Total - household composition,32286,,,
DATAFLOW,STATSNZ:CEN23_HOU_022(1.0),"Weekly rent paid by household, total household income, and household composition for households in rented occupied private dwellings, (RC, TALB, SA2, Health), 2013, 2018, and 2023 Censuses",I,2023,2023,9999,Total - New Zealand by regional council,03,$300 - $399,8,"$200,001 or more",99,Total - household composition,2361,,,
DATAFLOW,STATSNZ:CEN23_HOU_022(1.0),"Weekly rent paid by household, total household income, and household composition for households in rented occupied private dwellings, (RC, TALB, SA2, Health), 2013, 2018, and 2023 Censuses",I,2023,2023,9999,Total - New Zealand by regional council,06,$600 - $699,1,"$20,000 or less",99,Total - household composition,3306,,,
DATAFLOW,STATSNZ:CEN23_HOU_022(1.0),"Weekly rent paid by household, total household income, and household composition for households in rented occupied private dwellings, (RC, TALB, SA2, Health), 2013, 2018, and 2023 Censuses",I,2023,2023,9999,Total - New Zealand by regional council,01,Under $200,1,"$20,000 or less",99,Total - household composition,18021,,,
DATAFLOW,STATSNZ:CEN23_HOU_022(1.0),"Weekly rent paid by household, total household income, and household composition for households in rented occupied private dwellings, (RC, TALB, SA2, Health), 2013, 2018, and 2023 Censuses",I,2023,2023,9999,Total - New Zealand by regional council,05,$500 - $599,6,"$100,001-$150,000",99,Total - household composition,26565,,,
DATAFLOW,STATSNZ:CEN23_HOU_022(1.0),"Weekly rent paid by household, total household income, and household composition for households in rented occupied private dwellings, (RC, TALB, SA2, Health), 2013, 2018, and 2023 Censuses",I,2023,2023,9999,Total - New Zealand by regional council,04,$400 - $499,4,"$50,001-$70,000",99,Total - household composition,14469,,,
DATAFLOW,STATSNZ:CEN23_HOU_022(1.0),"Weekly rent paid by household, total household income, and household composition for households in rented occupied private dwellings, (RC, TALB, SA2, Health), 2013, 2018, and 2023 Censuses",I,2023,2023,9999,Total - New Zealand by regional council,05,$500 - $599,2,"$20,001-$30,000",99,Total - household composition,3699,,,
DATAFLOW,STATSNZ:CEN23_HOU_022(1.0),"Weekly rent paid by household, total household income, and household composition for households in rented occupied private dwellings, (RC, TALB, SA2, Health), 2013, 2018, and 2023 Censuses",I,2023,2023,9999,Total - New Zealand by regional council,06,$600 - $699,2,"$20,001-$30,000",99,Total - household composition,1848,,,
DATAFLOW,STATSNZ:CEN23_HOU_022(1.0),"Weekly rent paid by household, total household income, and household composition for households in rented occupied private dwellings, (RC, TALB, SA2, Health), 2013, 2018, and 2023 Censuses",I,2023,2023,9999,Total - New Zealand by regional council,07,$700 - $799,8,"$200,001 or more",99,Total - household composition,7305,,,
DATAFLOW,STATSNZ:CEN23_HOU_022(1.0),"Weekly rent paid by household, total household income, and household composition for households in rented occupied private dwellings, (RC, TALB, SA2, Health), 2013, 2018, and 2023 Censuses",I,2023,2023,9999,Total - New Zealand by regional council,08,$800 and over,4,"$50,001-$70,000",99,Total - household composition,1962,,,
DATAFLOW,STATSNZ:CEN23_HOU_022(1.0),"Weekly rent paid by household, total household income, and household composition for households in rented occupied private dwellings, (RC, TALB, SA2, Health), 2013, 2018, and 2023 Censuses",I,2023,2023,9999,Total - New Zealand by regional council,06,$600 - $699,8,"$200,001 or more",99,Total - household composition,8706,,,
DATAFLOW,STATSNZ:CEN23_HOU_022(1.0),"Weekly rent paid by household, total household income, and household composition for households in rented occupied private dwellings, (RC, TALB, SA2, Health), 2013, 2018, and 2023 Censuses",I,2023,2023,9999,Total - New Zealand by regional council,04,$400 - $499,99,Total - total household income,99,Total - household composition,101067,,,
DATAFLOW,STATSNZ:CEN23_HOU_022(1.0),"Weekly rent paid by household, total household income, and household composition for households in rented occupied private dwellings, (RC, TALB, SA2, Health), 2013, 2018, and 2023 Censuses",I,2023,2023,9999,Total - New Zealand by regional council,02,$200 - $299,3,"$30,001-$50,000",99,Total - household composition,9789,,,
DATAFLOW,STATSNZ:CEN23_HOU_022(1.0),"Weekly rent paid by household, total household income, and household composition for households in rented occupied private dwellings, (RC, TALB, SA2, Health), 2013, 2018, and 2023 Censuses",I,2023,2023,9999,Total - New Zealand by regional council,02,$200 - $299,2,"$20,001-$30,000",99,Total - household composition,6810,,,
DATAFLOW,STATSNZ:CEN23_HOU_022(1.0),"Weekly rent paid by household, total household income, and household composition for households in rented occupied private dwellings, (RC, TALB, SA2, Health), 2013, 2018, and 2023 Censuses",I,2023,2023,9999,Total - New Zealand by regional council,08,$800 and over,6,"$100,001-$150,000",99,Total - household composition,5466,,,
DATAFLOW,STATSNZ:CEN23_HOU_022(1.0),"Weekly rent paid by household, total household income, and household composition for households in rented occupied private dwellings, (RC, TALB, SA2, Health), 2013, 2018, and 2023 Censuses",I,2023,2023,9999,Total - New Zealand by regional council,02,$200 - $299,99,Total - total household income,99,Total - household composition,53325,,,
DATAFLOW,STATSNZ:CEN23_HOU_022(1.0),"Weekly rent paid by household, total household income, and household composition for households in rented occupied private dwellings, (RC, TALB, SA2, Health), 2013, 2018, and 2023 Censuses",I,2023,2023,9999,Total - New Zealand by regional council,02,$200 - $299,7,"$150,001-$200,000",99,Total - household composition,2703,,,
DATAFLOW,STATSNZ:CEN23_HOU_022(1.0),"Weekly rent paid by household, total household income, and household composition for households in rented occupied private dwellings, (RC, TALB, SA2, Health), 2013, 2018, and 2023 Censuses",I,2023,2023,9999,Total - New Zealand by regional council,01,Under $200,7,"$150,001-$200,000",99,Total - household composition,3042,,,
DATAFLOW,STATSNZ:CEN23_HOU_022(1.0),"Weekly rent paid by household, total household income, and household composition for households in rented occupied private dwellings, (RC, TALB, SA2, Health), 2013, 2018, and 2023 Censuses",I,2023,2023,9999,Total - New Zealand by regional council,08,$800 and over,5,"$70,001-$100,000",99,Total - household composition,2991,,,
DATAFLOW,STATSNZ:CEN23_HOU_022(1.0),"Weekly rent paid by household, total household income, and household composition for households in rented occupied private dwellings, (RC, TALB, SA2, Health), 2013, 2018, and 2023 Censuses",I,2023,2023,9999,Total - New Zealand by regional council,01,Under $200,5,"$70,001-$100,000",99,Total - household composition,9273,,,
DATAFLOW,STATSNZ:CEN23_HOU_022(1.0),"Weekly rent paid by household, total household income, and household composition for households in rented occupied private dwellings, (RC, TALB, SA2, Health), 2013, 2018, and 2023 Censuses",I,2023,2023,9999,Total - New Zealand by regional council,02,$200 - $299,6,"$100,001-$150,000",99,Total - household composition,7326,,,
DATAFLOW,STATSNZ:CEN23_HOU_022(1.0),"Weekly rent paid by household, total household income, and household composition for households in rented occupied private dwellings, (RC, TALB, SA2, Health), 2013, 2018, and 2023 Censuses",I,2023,2023,9999,Total - New Zealand by regional council,06,$600 - $699,99,Total - total household income,99,Total - household composition,68544,,,
DATAFLOW,STATSNZ:CEN23_HOU_022(1.0),"Weekly rent paid by household, total household income, and household composition for households in rented occupied private dwellings, (RC, TALB, SA2, Health), 2013, 2018, and 2023 Censuses",I,2023,2023,9999,Total - New Zealand by regional council,08,$800 and over,3,"$30,001-$50,000",99,Total - household composition,1854,,,
DATAFLOW,STATSNZ:CEN23_HOU_022(1.0),"Weekly rent paid by household, total household income, and household composition for households in rented occupied private dwellings, (RC, TALB, SA2, Health), 2013, 2018, and 2023 Censuses",I,2023,2023,9999,Total - New Zealand by regional council,05,$500 - $599,3,"$30,001-$50,000",99,Total - household composition,9555,,,
DATAFLOW,STATSNZ:CEN23_HOU_022(1.0),"Weekly rent paid by household, total household income, and household composition for households in rented occupied private dwellings, (RC, TALB, SA2, Health), 2013, 2018, and 2023 Censuses",I,2023,2023,9999,Total - New Zealand by regional council,04,$400 - $499,6,"$100,001-$150,000",99,Total - household composition,22893,,,
DATAFLOW,STATSNZ:CEN23_HOU_022(1.0),"Weekly rent paid by household, total household income, and household composition for households in rented occupied private dwellings, (RC, TALB, SA2, Health), 2013, 2018, and 2023 Censuses",I,2023,2023,9999,Total - New Zealand by regional council,03,$300 - $399,6,"$100,001-$150,000",99,Total - household composition,13245,,,
DATAFLOW,STATSNZ:CEN23_HOU_022(1.0),"Weekly rent paid by household, total household income, and household composition for households in rented occupied private dwellings, (RC, TALB, SA2, Health), 2013, 2018, and 2023 Censuses",I,2023,2023,9999,Total - New Zealand by regional council,08,$800 and over,7,"$150,001-$200,000",99,Total - household composition,5757,,,
DATAFLOW,STATSNZ:CEN23_HOU_022(1.0),"Weekly rent paid by household, total household income, and household composition for households in rented occupied private dwellings, (RC, TALB, SA2, Health), 2013, 2018, and 2023 Censuses",I,2023,2023,9999,Total - New Zealand by regional council,03,$300 - $399,7,"$150,001-$200,000",99,Total - household composition,4266,,,
DATAFLOW,STATSNZ:CEN23_HOU_022(1.0),"Weekly rent paid by household, total household income, and household composition for households in rented occupied private dwellings, (RC, TALB, SA2, Health), 2013, 2018, and 2023 Censuses",I,2023,2023,9999,Total - New Zealand by regional council,01,Under $200,99,Total - total household income,99,Total - household composition,89439,,,
DATAFLOW,STATSNZ:CEN23_HOU_022(1.0),"Weekly rent paid by household, total household income, and household composition for households in rented occupied private dwellings, (RC, TALB, SA2, Health), 2013, 2018, and 2023 Censuses",I,2023,2023,9999,Total - New Zealand by regional council,02,$200 - $299,1,"$20,000 or less",99,Total - household composition,5898,,,
DATAFLOW,STATSNZ:CEN23_HOU_022(1.0),"Weekly rent paid by household, total household income, and household composition for households in rented occupied private dwellings, (RC, TALB, SA2, Health), 2013, 2018, and 2023 Censuses",I,2023,2023,9999,Total - New Zealand by regional council,06,$600 - $699,4,"$50,001-$70,000",99,Total - household composition,6006,,,
DATAFLOW,STATSNZ:CEN23_HOU_022(1.0),"Weekly rent paid by household, total household income, and household composition for households in rented occupied private dwellings, (RC, TALB, SA2, Health), 2013, 2018, and 2023 Censuses",I,2023,2023,9999,Total - New Zealand by regional council,07,$700 - $799,1,"$20,000 or less",99,Total - household composition,1317,,,
DATAFLOW,STATSNZ:CEN23_HOU_022(1.0),"Weekly rent paid by household, total household income, and household composition for households in rented occupied private dwellings, (RC, TALB, SA2, Health), 2013, 2018, and 2023 Censuses",I,2023,2023,9999,Total - New Zealand by regional council,05,$500 - $599,7,"$150,001-$200,000",99,Total - household composition,12600,,,
DATAFLOW,STATSNZ:CEN23_HOU_022(1.0),"Weekly rent paid by household, total household income, and household composition for households in rented occupied private dwellings, (RC, TALB, SA2, Health), 2013, 2018, and 2023 Censuses",I,2023,2023,9999,Total - New Zealand by regional council,05,$500 - $599,5,"$70,001-$100,000",99,Total - household composition,18108,,,
DATAFLOW,STATSNZ:CEN23_HOU_022(1.0),"Weekly rent paid by household, total household income, and household composition for households in rented occupied private dwellings, (RC, TALB, SA2, Health), 2013, 2018, and 2023 Censuses",I,2023,2023,9999,Total - New Zealand by regional council,07,$700 - $799,5,"$70,001-$100,000",99,Total - household composition,3606,,,
DATAFLOW,STATSNZ:CEN23_HOU_022(1.0),"Weekly rent paid by household, total household income, and household composition for households in rented occupied private dwellings, (RC, TALB, SA2, Health), 2013, 2018, and 2023 Censuses",I,2023,2023,9999,Total - New Zealand by regional council,07,$700 - $799,6,"$100,001-$150,000",99,Total - household composition,7299,,,
DATAFLOW,STATSNZ:CEN23_HOU_022(1.0),"Weekly rent paid by household, total household income, and household composition for households in rented occupied private dwellings, (RC, TALB, SA2, Health), 2013, 2018, and 2023 Censuses",I,2023,2023,9999,Total - New Zealand by regional council,01,Under $200,6,"$100,001-$150,000",99,Total - household composition,8277,,,
DATAFLOW,STATSNZ:CEN23_HOU_022(1.0),"Weekly rent paid by household, total household income, and household composition for households in rented occupied private dwellings, (RC, TALB, SA2, Health), 2013, 2018, and 2023 Censuses",I,2023,2023,9999,Total - New Zealand by regional council,05,$500 - $599,99,Total - total household income,99,Total - household composition,99042,,,
DATAFLOW,STATSNZ:CEN23_HOU_022(1.0),"Weekly rent paid by household, total household income, and household composition for households in rented occupied private dwellings, (RC, TALB, SA2, Health), 2013, 2018, and 2023 Censuses",I,2023,2023,9999,Total - New Zealand by regional council,07,$700 - $799,3,"$30,001-$50,000",99,Total - household composition,1716,,,
DATAFLOW,STATSNZ:CEN23_HOU_022(1.0),"Weekly rent paid by household, total household income, and household composition for households in rented occupied private dwellings, (RC, TALB, SA2, Health), 2013, 2018, and 2023 Censuses",I,2023,2023,9999,Total - New Zealand by regional council,03,$300 - $399,4,"$50,001-$70,000",99,Total - household composition,12855,,,
DATAFLOW,STATSNZ:CEN23_HOU_022(1.0),"Weekly rent paid by household, total household income, and household composition for households in rented occupied private dwellings, (RC, TALB, SA2, Health), 2013, 2018, and 2023 Censuses",I,2023,2023,9999,Total - New Zealand by regional council,02,$200 - $299,8,"$200,001 or more",99,Total - household composition,1770,,,
DATAFLOW,STATSNZ:CEN23_HOU_022(1.0),"Weekly rent paid by household, total household income, and household composition for households in rented occupied private dwellings, (RC, TALB, SA2, Health), 2013, 2018, and 2023 Censuses",I,2023,2023,9999,Total - New Zealand by regional council,02,$200 - $299,5,"$70,001-$100,000",99,Total - household composition,7995,,,
DATAFLOW,STATSNZ:CEN23_HOU_022(1.0),"Weekly rent paid by household, total household income, and household composition for households in rented occupied private dwellings, (RC, TALB, SA2, Health), 2013, 2018, and 2023 Censuses",I,2023,2023,9999,Total - New Zealand by regional council,01,Under $200,4,"$50,001-$70,000",99,Total - household composition,9693,,,
DATAFLOW,STATSNZ:CEN23_HOU_022(1.0),"Weekly rent paid by household, total household income, and household composition for households in rented occupied private dwellings, (RC, TALB, SA2, Health), 2013, 2018, and 2023 Censuses",I,2023,2023,9999,Total - New Zealand by regional council,08,$800 and over,1,"$20,000 or less",99,Total - household composition,1488,,,
DATAFLOW,STATSNZ:CEN23_HOU_022(1.0),"Weekly rent paid by household, total household income, and household composition for households in rented occupied private dwellings, (RC, TALB, SA2, Health), 2013, 2018, and 2023 Censuses",I,2023,2023,9999,Total - New Zealand by regional council,03,$300 - $399,3,"$30,001-$50,000",99,Total - household composition,14034,,,
DATAFLOW,STATSNZ:CEN23_HOU_022(1.0),"Weekly rent paid by household, total household income, and household composition for households in rented occupied private dwellings, (RC, TALB, SA2, Health), 2013, 2018, and 2023 Censuses",I,2023,2023,9999,Total - New Zealand by regional council,03,$300 - $399,2,"$20,001-$30,000",99,Total - household composition,7119,,,
DATAFLOW,STATSNZ:CEN23_HOU_022(1.0),"Weekly rent paid by household, total household income, and household composition for households in rented occupied private dwellings, (RC, TALB, SA2, Health), 2013, 2018, and 2023 Censuses",I,2023,2023,9999,Total - New Zealand by regional council,05,$500 - $599,4,"$50,001-$70,000",99,Total - household composition,11277,,,
DATAFLOW,STATSNZ:CEN23_HOU_022(1.0),"Weekly rent paid by household, total household income, and household composition for households in rented occupied private dwellings, (RC, TALB, SA2, Health), 2013, 2018, and 2023 Censuses",I,2023,2023,9999,Total - New Zealand by regional council,04,$400 - $499,3,"$30,001-$50,000",99,Total - household composition,13530,,,
DATAFLOW,STATSNZ:CEN23_HOU_022(1.0),"Weekly rent paid by household, total household income, and household composition for households in rented occupied private dwellings, (RC, TALB, SA2, Health), 2013, 2018, and 2023 Censuses",I,2023,2023,9999,Total - New Zealand by regional council,03,$300 - $399,99,Total - total household income,99,Total - household composition,80247,,,
DATAFLOW,STATSNZ:CEN23_HOU_022(1.0),"Weekly rent paid by household, total household income, and household composition for households in rented occupied private dwellings, (RC, TALB, SA2, Health), 2013, 2018, and 2023 Censuses",I,2023,2023,9999,Total - New Zealand by regional council,06,$600 - $699,3,"$30,001-$50,000",99,Total - household composition,4764,,,
DATAFLOW,STATSNZ:CEN23_HOU_022(1.0),"Weekly rent paid by household, total household income, and household composition for households in rented occupied private dwellings, (RC, TALB, SA2, Health), 2013, 2018, and 2023 Censuses",I,2023,2023,9999,Total - New Zealand by regional council,07,$700 - $799,2,"$20,001-$30,000",99,Total - household composition,759,,,
DATAFLOW,STATSNZ:CEN23_HOU_022(1.0),"Weekly rent paid by household, total household income, and household composition for households in rented occupied private dwellings, (RC, TALB, SA2, Health), 2013, 2018, and 2023 Censuses",I,2023,2023,9999,Total - New Zealand by regional council,07,$700 - $799,4,"$50,001-$70,000",99,Total - household composition,2190,,,
DATAFLOW,STATSNZ:CEN23_HOU_022(1.0),"Weekly rent paid by household, total household income, and household composition for households in rented occupied private dwellings, (RC, TALB, SA2, Health), 2013, 2018, and 2023 Censuses",I,2023,2023,9999,Total - New Zealand by regional council,02,$200 - $299,4,"$50,001-$70,000",99,Total - household composition,7695,,,
DATAFLOW,STATSNZ:CEN23_HOU_022(1.0),"Weekly rent paid by household, total household income, and household composition for households in rented occupied private dwellings, (RC, TALB, SA2, Health), 2013, 2018, and 2023 Censuses",I,2023,2023,9999,Total - New Zealand by regional council,05,$500 - $599,1,"$20,000 or less",99,Total - household composition,5373,,,
DATAFLOW,STATSNZ:CEN23_HOU_022(1.0),"Weekly rent paid by household, total household income, and household composition for households in rented occupied private dwellings, (RC, TALB, SA2, Health), 2013, 2018, and 2023 Censuses",I,2023,2023,9999,Total - New Zealand by regional council,08,$800 and over,99,Total - total household income,99,Total - household composition,35712,,,
DATAFLOW,STATSNZ:CEN23_HOU_022(1.0),"Weekly rent paid by household, total household income, and household composition for households in rented occupied private dwellings, (RC, TALB, SA2, Health), 2013, 2018, and 2023 Censuses",I,2023,2023,9999,Total - New Zealand by regional council,04,$400 - $499,7,"$150,001-$200,000",99,Total - household composition,8007,,,
DATAFLOW,STATSNZ:CEN23_HOU_022(1.0),"Weekly rent paid by household, total household income, and household composition for households in rented occupied private dwellings, (RC, TALB, SA2, Health), 2013, 2018, and 2023 Censuses",I,2023,2023,9999,Total - New Zealand by regional council,08,$800 and over,2,"$20,001-$30,000",99,Total - household composition,858,,,
DATAFLOW,STATSNZ:CEN23_HOU_022(1.0),"Weekly rent paid by household, total household income, and household composition for households in rented occupied private dwellings, (RC, TALB, SA2, Health), 2013, 2018, and 2023 Censuses",I,2023,2023,9999,Total - New Zealand by regional council,04,$400 - $499,2,"$20,001-$30,000",99,Total - household composition,5622,,,
DATAFLOW,STATSNZ:CEN23_HOU_022(1.0),"Weekly rent paid by household, total household income, and household composition for households in rented occupied private dwellings, (RC, TALB, SA2, Health), 2013, 2018, and 2023 Censuses",I,2023,2023,9999,Total - New Zealand by regional council,04,$400 - $499,5,"$70,001-$100,000",99,Total - household composition,20397,,,
DATAFLOW,STATSNZ:CEN23_HOU_022(1.0),"Weekly rent paid by household, total household income, and household composition for households in rented occupied private dwellings, (RC, TALB, SA2, Health), 2013, 2018, and 2023 Censuses",I,2023,2023,9999,Total - New Zealand by regional council,07,$700 - $799,7,"$150,001-$200,000",99,Total - household composition,6828,,,
DATAFLOW,STATSNZ:CEN23_HOU_022(1.0),"Weekly rent paid by household, total household income, and household composition for households in rented occupied private dwellings, (RC, TALB, SA2, Health), 2013, 2018, and 2023 Censuses",I,2023,2023,9999,Total - New Zealand by regional council,03,$300 - $399,1,"$20,000 or less",99,Total - household composition,7158,,,
DATAFLOW,STATSNZ:CEN23_HOU_022(1.0),"Weekly rent paid by household, total household income, and household composition for households in rented occupied private dwellings, (RC, TALB, SA2, Health), 2013, 2018, and 2023 Censuses",I,2023,2023,9999,Total - New Zealand by regional council,03,$300 - $399,5,"$70,001-$100,000",99,Total - household composition,14406,,,
